neighbourhood_group,average_availability
Bronx,165.79449541284421
Brooklyn,100.21731774073176
Manhattan,111.98457987072962
Queens,144.45181786092468
Staten Island,199.67828418230565